{
  "tailwind.config.js": 1776830547.9269774,
  "postcss.config.js": 1776830474.8754082,
  "src/index.js": 1761414952.667571,
  "src/app/HelmetMeta.js": 1776401689.8202293,
  "src/app/App.js": 1776401796.9965346,
  "src/components/background/DisplacementSphere.js": 1761414952.667215,
  "src/components/background/sphereFragShader.js": 1773831317.0161903,
  "src/components/background/sphereVertShader.js": 1773831317.0471904,
  "src/components/content/SponsorButton.js": 1761414952.667291,
  "src/components/content/TextDecrypt.js": 1761414952.667291,
  "src/components/content/Today.js": 1761414952.667291,
  "src/components/content/Certifications.js": 1776402115.5063968,
  "src/components/content/Connect.js": 1773831280.5700462,
  "src/components/content/Content.js": 1773831280.571046,
  "src/components/content/LatestBlogs.js": 1776402141.6770496,
  "src/components/content/SocialIcons.js": 1776830641.3741302,
  "src/components/content/AIProjects.js": 1776402110.7284691,
  "src/components/content/LinuxTerminal.js": 1776402234.678388,
  "src/components/footer/FooterText.js": 1773831280.571046,
  "src/components/logo/Logo.js": 1776401863.568334,
  "src/components/logo/LogoLink.js": 1773831280.571046,
  "src/components/speedDial/SpeedDial.js": 1773831280.571046,
  "src/components/theme/ThemeProvider.js": 1773831280.571046,
  "src/components/theme/ThemeToggle.js": 1773831280.571046,
  "src/components/theme/Themes.js": 1773831280.571046,
  "src/components/navigation/NavigationButtons.js": 1773831298.3961163,
  "src/components/ui/button.jsx": 1776830668.1238484,
  "src/components/ui/ai-input.jsx": 1776831037.7726114,
  "src/components/ui/ai-input.test.jsx": 1776831108.2168307,
  "src/hooks/useInViewport.js": 1761414952.6675227,
  "src/hooks/usePrefersReducedMotion.js": 1761414952.667571,
  "src/pages/PageNotFound.js": 1761414952.6676407,
  "src/pages/Resume.js": 1761414952.6676407,
  "src/pages/BlogPost.js": 1776402296.121339,
  "src/pages/Blogs.js": 1773831280.571046,
  "src/pages/Home.js": 1776401834.988953,
  "src/pages/Projects.js": 1773831280.572046,
  "src/utils/data.js": 1761414952.6677682,
  "src/utils/getName.js": 1761414952.6677954,
  "src/utils/logCredits.js": 1776402486.6214557,
  "src/utils/style.js": 1761414952.6677954,
  "src/utils/three.js": 1761414952.6677954,
  "src/utils/transition.js": 1761414952.6677954,
  "src/utils/Analytics.js": 1776402718.1982365,
  "src/data/blogPosts.js": 1776830684.55215,
  "src/data/blogs.js": 1776830684.55215,
  "src/data/projects.js": 1776830684.55215,
  "src/data/certifications.js": 1776830684.55315,
  "src/data/terminal.js": 1776830684.55315,
  "src/lib/utils.js": 1776830454.9087846,
  "scripts/sync-content.js": 1776402268.0603292,
  "backend/__init__.py": 1776765304.762893,
  "backend/app/retrieval.py": 1776765818.8428998,
  "backend/app/__init__.py": 1776765043.0927215,
  "backend/app/config.py": 1776765092.6621883,
  "backend/app/models.py": 1776765098.083136,
  "backend/app/loaders.py": 1776765160.021617,
  "backend/app/service.py": 1776774523.0236425,
  "backend/app/main.py": 1776765259.9880512,
  "backend/tests/__init__.py": 1776765327.9178317,
  "backend/tests/test_retrieval.py": 1776774540.6249144,
  "backend/tests/test_service.py": 1776765370.6547534,
  "backend/tests/test_api_e2e.py": 1776765423.0947137,
  "ADDING_CONTENT.md": 1776398968.7478359,
  "CONTENT_GUIDE.md": 1761414952.6542654,
  "QUICK_GUIDE.md": 1776398968.7388356,
  "README.md": 1761414952.6542654,
  "CLAUDE.md": 1776389744.4570985,
  "GEMINI.md": 1776398669.5317812,
  "progress.md": 1776774639.847484,
  "ARCHITECTURE.md": 1776774659.3707998,
  "PROJECT_STATUS.md": 1776774680.5991452,
  "file.txt": 1776765308.4368823,
  "AGENTS.md": 1776830897.9664133,
  "public/README_RESUME.md": 1761414952.6614928,
  "public/index.html": 1776401819.6437705,
  "public/robots.txt": 1761414952.6666474,
  "content/blogs/software-3-karpathy.md": 1776398591.6977384,
  "content/blogs/automation-is-here.md": 1776398625.4066036,
  "backend/requirements.txt": 1776765267.220022,
  "graphify-out/GRAPH_REPORT.md": 1776831475.0452478,
  "graphify-out/graph.html": 1776831481.5779026,
  "resume.pdf": 1773831280.5700462,
  "public/resume.pdf": 1761414952.6666474,
  "favicon(1)/apple-touch-icon.png": 1761414952.6542654,
  "favicon(1)/favicon-16x16.png": 1761414952.6547549,
  "favicon(1)/favicon-32x32.png": 1761414952.6547549,
  "favicon(1)/favicon-96x96.png": 1761414952.6547549,
  "favicon(1)/favicon.svg": 1761414952.6596472,
  "favicon(1)/web-app-manifest-192x192.png": 1761414952.6596472,
  "favicon(1)/web-app-manifest-512x512.png": 1761414952.6596472,
  "public/android-chrome-192x192.png": 1761414952.6615689,
  "public/android-chrome-512x512.png": 1761414952.6615689,
  "public/apple-touch-icon.png": 1761414952.6615689,
  "public/favicon-16x16.png": 1761414952.661647,
  "public/favicon-32x32.png": 1761414952.661647,
  "public/favicon-96x96.png": 1761414952.661647,
  "public/favicon.svg": 1761414952.6656473
}